id;title;description;priority;created_by;last_modified_by
1;SQL Officer program;Graphic SMS;HIGH;system;system
2;lime monitor;productize;MEDIUM;system;system
3;index;transitional Music bypassing;MEDIUM;system;system
4;haptic;channels;MEDIUM;system;system
5;Specialist;Music olive Sleek;MEDIUM;system;system
6;primary;Extended calculate;LOW;system;system
7;interface California;Fresh Cotton;LOW;system;system
8;Botswana;invoice parse Idaho;LOW;system;system
9;Developer global;Phased;LOW;system;system
10;Frozen bandwidth;Director Gorgeous;HIGH;system;system
